Paper,Reviewer,Recommended
「主婦」の誕生 : 婦人雑誌と女性たちの近代,梅村 想,No
坚持新闻平衡报道原则 做世界性的影响力媒体——半岛电视台的拓展之路,Chaitra. G. Maragal,No
IN VIVO OPTICAL BIOPSY BASED ON LEAST-INVASIVE HARMONIC GENERATION MICROSCOPY,Nuke Sabilawati,No
"VIII-3. 後肢懸垂法を用いた骨格筋の萎縮と発達阻害 : αB-クリスタリンタンパク質の発現動態からの解析(1部,シンポジウム,シンポジウムVIII:運動器系の発達,第4回体力医学会シンポジウム)",A. Vocílková,No
"シンポジウム2 救急・重傷集中ケアにおける家族看護--家族ケアにエビデンスを求めて〔含 Discussion,司会のまとめ〕 (救急NOW 第4回日本救急看護学会学術集会集録(主要講演))",Dimitrios Koutsourelis,No
Darcy Ribeiro in Italia: analisi descrittive dei romanzi Maíra e utopia selvagem,Kara-Anne Yaren,Yes
Quinns Beach mosaic makeover,V. I. Diakov,No
"Sur une hache néolithique, cassée et recollée à une époque indéterminée",NA Gori Ivanici,No
Krystian Lupa: Z Polski nie wyjadę,Heftman Wr,Yes
开展标准化执法 实施人性化服务 努力营造和谐执法环境,Leke Sunday,No
III. Jüdische moralische Wahrnehmungen von Kindesaussetzung,V. N. Primudrova,No
A-15. 十二指腸嚢胞状重複症の 1 例(第 12 回日本小児外科学会関東甲信越地方会),Yi-Rong Li,No
Analysis on Exterior Wall Conformation of Low-Rise Light Steel Structure Residence Based on Thermal Theory,Oskar Hubatsch,No
La consolidación del principio de jurisdicción universal: los casos Argentina y Chile en España,Joanna Ochoa,No
"Finally, therefore, this book is a little disappointing, in so far as it addresses on its title-page the problem of the influence of Hellenism on the trinitarian theology of Basil, but touches the central issue in a slightly unsatisfactory manner",G. Derrier,No
"1456 コンクリートの乾燥収縮特性に及ぼす粗骨材物性の影響 : その1. 粗骨材の乾燥収縮特性(収縮・クリープ(3),材料施工)",H. Humphrey,No
これからの時代に音楽を「売る」こと,P. B. Saltanis,No
REAL TIME OBJECT DETECTION AND 3D MODELING FOR COMPUTER VISION,Marion Kesmaecker,No
“洪”篇巨制 源于生活——“洪源文集”读后,安原 久美子,No
Purpose and procedure,Сарафанова Анна Александровна,No
Осложнения инородных тел пищевода у детей,A. Gródecka,No
Linhagem e estruturas de parentesco: Algumas reflexões,Pogodin YuS,No
การพัฒนาโมเดลการยอมรับทางการเงิน บริบท การซื้อขายหุ้นผ่านแอพพลิเคชัน Streaming บนมือถือ,Gunde Gassner-Keita,No
"Papá, ¿Cómo se dice ""video"" en latín?",蒋天琳,No
이 계절의 시 : 장님 걸인-외 1편,律子 小板橋,No
"Wiadomości Fabryczne : organ Komitetu Fabrycznego PZPR, ZF ZMP, Rady Zakładowej i Dyrekcji WSK Rzeszów. 1952, R. 1, nr 7 (6 października)",B. Sherbekov,No
Application of Intelligent Garment Formwork Technology on Modern Garment Enterprises,Kamaruddin Salim,No
A Rural Institutional Platform Mobilizes Communities to Become Effective Partners in Agricultural Innovation in Andhra Pradesh,F. Duff,No
On solvability of second-order evolution inclusions with Volterra type operators,M. Kochendorfer,No
Metafisica delle forme simboliche. Note su Cassirer inedito,Jeffrey Worn,No
F-CECUNA-10 Declaración Jurada General,I. Kiyan,No
Cambiar la realidad,Fransiska Harsono,No
Medio llena o medio vacía: el estado del Objetivo de Desarrollo del Milenio sobre Educación Primaria,中山 正民,No
"Die Kommentare von Raschi, Ibn Esra, Radaq, zu Joel",戴云超,No
20081 複雑地形まわりの強風予測に関する系統的研究 : その1 曲面で構成される二次元地形の風洞実験,John Roote,No
Doing Business 2008 Morocco : comparing regulation in 178 economies,足立 勉,No
Thuis in huis en buurt? : Over thuisgevoel en participatie van mensen met psychische problemen,Oscar Cantos Casquete,No
"Chapitre VII. 1499-1503, la brève apothéose des Borgia",Démiana William Faltaos,No
传承中华美德 激扬爱国情怀——国学课上巧妙渗透爱国主义教育,Arslinda Dwi Pratiwi,Yes
永远的英雄 祖国的骄傲——纪念中国人民解放军建军80周年,П. В. Фурсиков,No
Reclamando sus misterios: La conferencia de la Diosa Ibérica,Pierre André Owana Ndongo,No
Feminist Solidarity and Experiment in Kathy Acker’s Early Writings,ดร.รุจโรจน์ แก้วอุไร,No
طراحی الگوی مدیریت منابع انسانی فرماندهان دفاع مقدس (مطالعه موردی: سیره شهید محمدابراهیم همت),Warren Michael Levy,No
Descendimiento de Hernán Barra Salomone,Tsz Kin Ng,No
“万里挑一·富士杯”《垂钓》杂志钓鱼联赛（京津塘站）圆满落幕,J. Peterson,No
S.741 - National Catastrophic Disaster Insurance Act,Firman Suryadi,No
Not a saviour of the world: dismissal of messianism in Graham Swift’s Waterland,U·金金巴奇,Yes
Effetti del giudicato rispetto ai terzi: due casi in materia di pegno,T. KhanChristina,No
Les dermatoses spécifiques de la grossesse,刘相杰,No
The Sensitivity of Coastal Systems to Perturbation,A. Mendes,No
广阔天地 大有作为——对农行枝江市三农事业部运行情况的调查与思考,和子 山岡,Yes
参与 生成 评价——“有效”课堂教学的三部曲,ريم الكندي,Yes
"Libros. WITZ, Claude: «Droit privé allemand. 1. Actes juridiques, droits subjectifs», ed. Litec (parís, 1992), 625 páginas.",Paget Jf,No
ENG 02298 TRABALHO DE DIPLOMAÇÃO,D. Zhesnkhan,No
研究開発にかかわる法的諸問題と対策(57)技術開発要員の解雇,F. Albert,No
创新 改革 联合 发展——“第二十二届华东电视技术年会暨第三届华协体发展峰会”隆重召开,祯 李,No
Hilos de esperanza,Chanon Laowanichwith,No
De Boris a Boris,Cristián Ramón-Cortés Vilarrodona,No
ANÁLISE E PROPOSTA DE MELHORIA DO LAYOUT DE UMA INDÚSTRIA DE BEBIDAS,Larisa Renteria,Yes
"Mηδαμοὺς / μὴ πλέονας ἐσδέξασθαι ἐς τὸ ἱρόν. Numerus clausus e auto-identificazione “etnica” dei Greci d’Asia (Eoli, Ioni, Dori)",Ana Maria Copetti Maccagnan,No
挑战极限 超越自我——近访陈笑风,A. Y. Samoilov,Yes
The Role of Theoretical Restrictions in Price Forecasting with Inverse Demand Models,Isyatirradhiah Isyatirradhiah,No
BATI TRAKYA TÜRK AZINLIĞININ İKİ DİLLİ EĞİTİM MODELİNE YÖNELİK BİR DEĞERLENDİRME,P. Papaioannou,No
Avaliação relativa e por fluxo de caixa descontado da empresa Localiza S.A.,H. Miyakawa,No
"Els inicis de l’electricitat a Catalunya, el present i el futur: Història hidroelèctrica de Seròs amb la “Canadenca”",Zhu ShuRui,No
Revisión Acerca de Comamonas Kerstersii como Agente Infeccioso.,Островерхов Александр Григорьевич,No
◆ マウンテンバイク◆【中古】トレック TREK 2011年モデル 8000 DISC SLX/XT/XTR SLX/XT/XTR 2011年モデル アルミ マウンテンバイク 3×10速 26インチ MTB ディスクブレーキ：ベリーグッドストアスポーツ自転車の高価買取と即日出張のサイクルパラダイス大阪【自転車専門店】自転車 通勤 通学 完成車 シマノ SHIMANO,Al Waely,No
トップエンジニア : 作業効率を高めるチームのつくり方(Chapter 03)安心して働ける職場づくり : チームが機能する2つの約束,罗杰·D·麦坎伯,No
Médicos de Familia: un único colectivo,Ελπίδα Κατσιώλη,No
Device for determining position of object,Srinivas vv,No
2 Visions: Foreign Affairs in Domestic Debate 1660-1689,Rionaldi Rudyputra,No
韓國婚姻考 : 法制와 婚俗,Á. E. Garrido-Maturano,No
Erster Teil Generelle Embryologie,Y. Koyama,No
Impact de linteraction entre le comit daudit et la fonction de laudit interne sur lefficacit de laudit interne,吉岡 玲子,No
El fondo antiguo del Ayuntamiento de Bolaños,Karina Almeida Moura,No
隆昌县 严把“三关”推进基层党建项目化管理,Охапкин Александр Сергеевич,Yes
UKIP MEP Jane Collins to address Harrogate public meeting,Mashkilleysson Al,No
8.3 Klinische Untersuchung,Cristina Higuera,No
Pastelli e grafite nella produzione di Mario Schifano,D. Boshoff,No
Przedkopernikańska kosmologia a teologia : średniowieczny obraz świata / Józef Mączka.,S. Kim,No
PICKER社製第4世代スパイラルCT PQ-5000の使用経験,Rilwan Usman,No
Istanze servili alle libertates : alle origini della disciplina constantiniana De his qui in ecclesiis manumittuntur,廖启泰,No
Preparations hydro-alcooliques d'agents antibacteriens a base d'oxazolidinone,Ramon Bruguerra,No
Neumodulierung und Glykokonjugation von Faktor IX,Y. Aleksandrova,No
Se regrouper pour être plus forts,A. В. Юров,No
尺牘揷入春書 외 1부,T. Zieger,No
Повседневность русских городских обывателей : исторические анекдоты из провинциальной жизни XVIII века,Y. Itow,No
Subimperalismo brasileiro na era do padrão de desenvolvimento liberal- periférico (1990 a 2013),S. E. Fernández,No
Application of the Balanced Scorecard Framework in Performance Measurement of E-Government Services: Case of Kenya Revenue Authority,Ж. Э. Байрачная,No
CURVAS DE NEUTRALIZAÇÃO DE SOLOS NUMA SUCESSÃO DE FLORESTA COM PASTAGEM NO MUNICÍPIO DE JI-PARANÁ,Ling Zhang,No
Budowa trasy tramwaju szybkiego do Wilanowa,長岡 英司,No
PENGARUH PEMBELAJARAN KOOPERATIF DAN MINAT TERHADAP PRESTASI BELAJAR,Oliver Keyes,No
Ferrara Futurista. Fondazione e riviste del fascio futurista ferrarese,R. T. Hennessy,No
"Rinascimento in controluce : poeti, pittori, cortigiane e teatranti sul palcoscenico rinascimentale",H.J. Weggeman,No
Eulogy of Northern Song Dynasty:On Liuyong's Eulogy Style Ci,Z. McNeill,No
Method for processing information and electronic device,Iinovi. Juandiati,No
MULTIFILAMENT YARNS FOR REINFORCING ELASTIC ARTICLES,Carlos Cruz de Castro,No
Globalization Policies And E-Commerce Impact On Iranian Information Technology SME Sector,Tubau Iván,No
"XI Congreso Internacional de la Sociedad Española de Cuidados Paliativos, Sevilla 12-14 de mayo 2016: Cuidados paliativos; un derecho de todos. Libro de comunicaciones",Mateus Soares Kellermann,No
Le XVIIIe siècle : des lumières à la Sainte-Alliance 1740-1820,B. S. Khitruk,No
